{
    "origin": {
        "position": {
            "x": -0.0877829449669,
            "y": 0.225132778968,
            "w": 0.819547923365
        },
        "orientation": {
            "x": 0.00204631127958,
            "y": 0,
            "z": 0,
            "w": 0.999514665218
        }
    },
    "bedroom": {
        "position": {
            "x": 2.83044644989,
            "y": 2.38252281101,
            "w": 0.819810934721
        },
        "orientation": {
            "x": 0.0103895182194,
            "y": 0,
            "z": 0,
            "w": 0.999601311485
        }
    },
    "bookshelf": {
        "position": {
            "x": 1.48090985806,
            "y": 0.227425328803,
            "w": 0.819892635388
        },
        "orientation": {
            "x": 0.0127112794599,
            "y": 0,
            "z": 0,
            "w": 0.967326792615
        }
    },
    "home": {
        "position": {
            "x": 0.539619772159,
            "y": -1.7261572062,
            "w": 0.819926688557
        },
        "orientation": {
            "x": -0.00359755658839,
            "y": 0,
            "z": 0,
            "w": 0.688131207292
        }
    },
    "kitchen": {
        "position": {
            "x": 2.91157241032,
            "y": -0.761650199358,
            "w": 0.819909074865
        },
        "orientation": {
            "x": 0.00645726847743,
            "y": 0,
            "z": 0,
            "w": 0.819600251233
        }
    },
    "living": {
        "position": {
            "x": 1.3767427427697,
            "y": 1.10933593568,
            "w": 0.819855930546
        },
        "orientation": {
            "x": 0.00605359633475,
            "y": 0,
            "z": 0,
            "w": 0.983431722932
        }
    }
}